N,a,version,num_qubits,num_gates,gate_types
35,2,1,15,6939,"{'CNOT': 146, 'PhaseShift': 306, 'C_C_PhaseShift': 851, 'Toffoli': 30, 'ControlledPhaseShift': 4201, 'Hadamard': 1312, 'PauliX': 93}"
35,2,0,15,9366,"{'CNOT': 180, 'PhaseShift': 425, 'C_C_PhaseShift': 1068, 'Toffoli': 30, 'ControlledPhaseShift': 5748, 'Hadamard': 1788, 'PauliX': 127}"
35,9,1,15,6051,"{'CNOT': 134, 'PhaseShift': 264, 'C_C_PhaseShift': 746, 'Toffoli': 30, 'ControlledPhaseShift': 3652, 'Hadamard': 1144, 'PauliX': 81}"
35,9,0,15,9384,"{'CNOT': 180, 'PhaseShift': 425, 'C_C_PhaseShift': 1089, 'Toffoli': 30, 'ControlledPhaseShift': 5745, 'Hadamard': 1788, 'PauliX': 127}"
35,3,1,15,6352,"{'CNOT': 138, 'PhaseShift': 278, 'C_C_PhaseShift': 785, 'Toffoli': 30, 'ControlledPhaseShift': 3836, 'Hadamard': 1200, 'PauliX': 85}"
35,3,0,15,9383,"{'CNOT': 180, 'PhaseShift': 425, 'C_C_PhaseShift': 1086, 'Toffoli': 30, 'ControlledPhaseShift': 5747, 'Hadamard': 1788, 'PauliX': 127}"
35,19,1,15,6043,"{'CNOT': 134, 'PhaseShift': 264, 'C_C_PhaseShift': 736, 'Toffoli': 30, 'ControlledPhaseShift': 3654, 'Hadamard': 1144, 'PauliX': 81}"
35,19,0,15,9386,"{'CNOT': 180, 'PhaseShift': 425, 'C_C_PhaseShift': 1089, 'Toffoli': 30, 'ControlledPhaseShift': 5747, 'Hadamard': 1788, 'PauliX': 127}"
35,17,1,15,6200,"{'CNOT': 136, 'PhaseShift': 271, 'C_C_PhaseShift': 766, 'Toffoli': 30, 'ControlledPhaseShift': 3742, 'Hadamard': 1172, 'PauliX': 83}"
35,17,0,15,9380,"{'CNOT': 180, 'PhaseShift': 425, 'C_C_PhaseShift': 1086, 'Toffoli': 30, 'ControlledPhaseShift': 5744, 'Hadamard': 1788, 'PauliX': 127}"
35,16,1,15,4006,"{'CNOT': 106, 'PhaseShift': 166, 'C_C_PhaseShift': 518, 'Toffoli': 30, 'ControlledPhaseShift': 2381, 'Hadamard': 752, 'PauliX': 53}"
35,16,0,15,9387,"{'CNOT': 180, 'PhaseShift': 425, 'C_C_PhaseShift': 1089, 'Toffoli': 30, 'ControlledPhaseShift': 5748, 'Hadamard': 1788, 'PauliX': 127}"
35,8,1,15,792,"{'CNOT': 20, 'PhaseShift': 29, 'C_C_PhaseShift': 86, 'Toffoli': 6, 'ControlledPhaseShift': 484, 'Hadamard': 156, 'PauliX': 11}"
35,8,0,15,1971,"{'CNOT': 36, 'PhaseShift': 85, 'C_C_PhaseShift': 225, 'Toffoli': 6, 'ControlledPhaseShift': 1212, 'Hadamard': 380, 'PauliX': 27}"
35,29,1,15,106,"{'Hadamard': 28, 'PauliX': 2, 'ControlledPhaseShift': 76}"
35,29,0,15,106,"{'Hadamard': 28, 'PauliX': 2, 'ControlledPhaseShift': 76}"
35,4,1,15,6050,"{'CNOT': 134, 'PhaseShift': 264, 'C_C_PhaseShift': 742, 'Toffoli': 30, 'ControlledPhaseShift': 3655, 'Hadamard': 1144, 'PauliX': 81}"
35,4,0,15,9369,"{'CNOT': 180, 'PhaseShift': 425, 'C_C_PhaseShift': 1071, 'Toffoli': 30, 'ControlledPhaseShift': 5748, 'Hadamard': 1788, 'PauliX': 127}"
35,2,1,15,6939,"{'CNOT': 146, 'PhaseShift': 306, 'C_C_PhaseShift': 851, 'Toffoli': 30, 'ControlledPhaseShift': 4201, 'Hadamard': 1312, 'PauliX': 93}"
35,2,0,15,9366,"{'CNOT': 180, 'PhaseShift': 425, 'C_C_PhaseShift': 1068, 'Toffoli': 30, 'ControlledPhaseShift': 5748, 'Hadamard': 1788, 'PauliX': 127}"
143,2,1,19,19262,"{'CNOT': 272, 'PhaseShift': 727, 'C_C_PhaseShift': 2102, 'Toffoli': 56, 'ControlledPhaseShift': 12880, 'Hadamard': 3056, 'PauliX': 169}"
143,2,0,19,26282,"{'CNOT': 336, 'PhaseShift': 1015, 'C_C_PhaseShift': 2658, 'Toffoli': 56, 'ControlledPhaseShift': 17776, 'Hadamard': 4208, 'PauliX': 233}"
143,42,1,19,20401,"{'CNOT': 282, 'PhaseShift': 772, 'C_C_PhaseShift': 2231, 'Toffoli': 56, 'ControlledPhaseShift': 13645, 'Hadamard': 3236, 'PauliX': 179}"
143,42,0,19,26321,"{'CNOT': 336, 'PhaseShift': 1015, 'C_C_PhaseShift': 2697, 'Toffoli': 56, 'ControlledPhaseShift': 17776, 'Hadamard': 4208, 'PauliX': 233}"
143,89,1,19,22348,"{'CNOT': 300, 'PhaseShift': 853, 'C_C_PhaseShift': 2363, 'Toffoli': 56, 'ControlledPhaseShift': 15019, 'Hadamard': 3560, 'PauliX': 197}"
143,89,0,19,26345,"{'CNOT': 336, 'PhaseShift': 1015, 'C_C_PhaseShift': 2724, 'Toffoli': 56, 'ControlledPhaseShift': 17773, 'Hadamard': 4208, 'PauliX': 233}"
143,73,1,19,20832,"{'CNOT': 286, 'PhaseShift': 790, 'C_C_PhaseShift': 2261, 'Toffoli': 56, 'ControlledPhaseShift': 13948, 'Hadamard': 3308, 'PauliX': 183}"
143,73,0,19,26363,"{'CNOT': 336, 'PhaseShift': 1015, 'C_C_PhaseShift': 2742, 'Toffoli': 56, 'ControlledPhaseShift': 17773, 'Hadamard': 4208, 'PauliX': 233}"
143,41,1,19,18148,"{'CNOT': 262, 'PhaseShift': 682, 'C_C_PhaseShift': 2001, 'Toffoli': 56, 'ControlledPhaseShift': 12112, 'Hadamard': 2876, 'PauliX': 159}"
143,41,0,19,26279,"{'CNOT': 336, 'PhaseShift': 1015, 'C_C_PhaseShift': 2658, 'Toffoli': 56, 'ControlledPhaseShift': 17773, 'Hadamard': 4208, 'PauliX': 233}"
143,57,1,19,21249,"{'CNOT': 290, 'PhaseShift': 808, 'C_C_PhaseShift': 2274, 'Toffoli': 56, 'ControlledPhaseShift': 14254, 'Hadamard': 3380, 'PauliX': 187}"
143,57,0,19,26345,"{'CNOT': 336, 'PhaseShift': 1015, 'C_C_PhaseShift': 2724, 'Toffoli': 56, 'ControlledPhaseShift': 17773, 'Hadamard': 4208, 'PauliX': 233}"
143,28,1,19,19276,"{'CNOT': 272, 'PhaseShift': 727, 'C_C_PhaseShift': 2116, 'Toffoli': 56, 'ControlledPhaseShift': 12880, 'Hadamard': 3056, 'PauliX': 169}"
143,28,0,19,26357,"{'CNOT': 336, 'PhaseShift': 1015, 'C_C_PhaseShift': 2733, 'Toffoli': 56, 'ControlledPhaseShift': 17776, 'Hadamard': 4208, 'PauliX': 233}"
143,25,1,19,18969,"{'CNOT': 270, 'PhaseShift': 718, 'C_C_PhaseShift': 2014, 'Toffoli': 56, 'ControlledPhaseShift': 12724, 'Hadamard': 3020, 'PauliX': 167}"
143,25,0,19,26369,"{'CNOT': 336, 'PhaseShift': 1015, 'C_C_PhaseShift': 2748, 'Toffoli': 56, 'ControlledPhaseShift': 17773, 'Hadamard': 4208, 'PauliX': 233}"
143,93,1,19,21741,"{'CNOT': 294, 'PhaseShift': 826, 'C_C_PhaseShift': 2361, 'Toffoli': 56, 'ControlledPhaseShift': 14561, 'Hadamard': 3452, 'PauliX': 191}"
143,93,0,19,26355,"{'CNOT': 336, 'PhaseShift': 1015, 'C_C_PhaseShift': 2733, 'Toffoli': 56, 'ControlledPhaseShift': 17774, 'Hadamard': 4208, 'PauliX': 233}"
143,90,1,19,21286,"{'CNOT': 290, 'PhaseShift': 808, 'C_C_PhaseShift': 2308, 'Toffoli': 56, 'ControlledPhaseShift': 14257, 'Hadamard': 3380, 'PauliX': 187}"
143,90,0,19,26345,"{'CNOT': 336, 'PhaseShift': 1015, 'C_C_PhaseShift': 2721, 'Toffoli': 56, 'ControlledPhaseShift': 17776, 'Hadamard': 4208, 'PauliX': 233}"
323,2,1,21,28434,"{'CNOT': 342, 'PhaseShift': 998, 'C_C_PhaseShift': 2937, 'Toffoli': 72, 'ControlledPhaseShift': 19701, 'Hadamard': 4176, 'PauliX': 208}"
323,2,0,21,40290,"{'CNOT': 432, 'PhaseShift': 1448, 'C_C_PhaseShift': 3813, 'Toffoli': 72, 'ControlledPhaseShift': 28251, 'Hadamard': 5976, 'PauliX': 298}"
323,311,1,21,35846,"{'CNOT': 398, 'PhaseShift': 1278, 'C_C_PhaseShift': 3518, 'Toffoli': 72, 'ControlledPhaseShift': 25020, 'Hadamard': 5296, 'PauliX': 264}"
323,311,0,21,40352,"{'CNOT': 432, 'PhaseShift': 1448, 'C_C_PhaseShift': 3876, 'Toffoli': 72, 'ControlledPhaseShift': 28250, 'Hadamard': 5976, 'PauliX': 298}"
323,137,1,21,34299,"{'CNOT': 386, 'PhaseShift': 1218, 'C_C_PhaseShift': 3437, 'Toffoli': 72, 'ControlledPhaseShift': 23878, 'Hadamard': 5056, 'PauliX': 252}"
323,137,0,21,40386,"{'CNOT': 432, 'PhaseShift': 1448, 'C_C_PhaseShift': 3912, 'Toffoli': 72, 'ControlledPhaseShift': 28248, 'Hadamard': 5976, 'PauliX': 298}"
323,24,1,21,34573,"{'CNOT': 388, 'PhaseShift': 1228, 'C_C_PhaseShift': 3464, 'Toffoli': 72, 'ControlledPhaseShift': 24071, 'Hadamard': 5096, 'PauliX': 254}"
323,24,0,21,40407,"{'CNOT': 432, 'PhaseShift': 1448, 'C_C_PhaseShift': 3930, 'Toffoli': 72, 'ControlledPhaseShift': 28251, 'Hadamard': 5976, 'PauliX': 298}"
323,237,1,21,35952,"{'CNOT': 398, 'PhaseShift': 1278, 'C_C_PhaseShift': 3625, 'Toffoli': 72, 'ControlledPhaseShift': 25019, 'Hadamard': 5296, 'PauliX': 264}"
323,237,0,21,40414,"{'CNOT': 432, 'PhaseShift': 1448, 'C_C_PhaseShift': 3939, 'Toffoli': 72, 'ControlledPhaseShift': 28249, 'Hadamard': 5976, 'PauliX': 298}"
323,276,1,21,35646,"{'CNOT': 396, 'PhaseShift': 1268, 'C_C_PhaseShift': 3561, 'Toffoli': 72, 'ControlledPhaseShift': 24831, 'Hadamard': 5256, 'PauliX': 262}"
323,276,0,21,40419,"{'CNOT': 432, 'PhaseShift': 1448, 'C_C_PhaseShift': 3942, 'Toffoli': 72, 'ControlledPhaseShift': 28251, 'Hadamard': 5976, 'PauliX': 298}"
323,65,1,21,32389,"{'CNOT': 372, 'PhaseShift': 1148, 'C_C_PhaseShift': 3238, 'Toffoli': 72, 'ControlledPhaseShift': 22545, 'Hadamard': 4776, 'PauliX': 238}"
323,65,0,21,40395,"{'CNOT': 432, 'PhaseShift': 1448, 'C_C_PhaseShift': 3924, 'Toffoli': 72, 'ControlledPhaseShift': 28245, 'Hadamard': 5976, 'PauliX': 298}"
323,195,1,21,32438,"{'CNOT': 372, 'PhaseShift': 1148, 'C_C_PhaseShift': 3282, 'Toffoli': 72, 'ControlledPhaseShift': 22550, 'Hadamard': 4776, 'PauliX': 238}"
323,195,0,21,40403,"{'CNOT': 432, 'PhaseShift': 1448, 'C_C_PhaseShift': 3927, 'Toffoli': 72, 'ControlledPhaseShift': 28250, 'Hadamard': 5976, 'PauliX': 298}"
323,42,1,21,33818,"{'CNOT': 382, 'PhaseShift': 1198, 'C_C_PhaseShift': 3441, 'Toffoli': 72, 'ControlledPhaseShift': 23501, 'Hadamard': 4976, 'PauliX': 248}"
323,42,0,21,40443,"{'CNOT': 432, 'PhaseShift': 1448, 'C_C_PhaseShift': 3966, 'Toffoli': 72, 'ControlledPhaseShift': 28251, 'Hadamard': 5976, 'PauliX': 298}"
323,284,1,21,12602,"{'CNOT': 142, 'PhaseShift': 443, 'C_C_PhaseShift': 1230, 'Toffoli': 27, 'ControlledPhaseShift': 8801, 'Hadamard': 1866, 'PauliX': 93}"
323,284,0,21,15297,"{'CNOT': 162, 'PhaseShift': 543, 'C_C_PhaseShift': 1485, 'Toffoli': 27, 'ControlledPhaseShift': 10701, 'Hadamard': 2266, 'PauliX': 113}"
1517,2,1,25,65972,"{'CNOT': 560, 'PhaseShift': 2050, 'C_C_PhaseShift': 5939, 'Toffoli': 110, 'ControlledPhaseShift': 48493, 'Hadamard': 8468, 'PauliX': 352}"
1517,2,0,25,84122,"{'CNOT': 660, 'PhaseShift': 2650, 'C_C_PhaseShift': 7089, 'Toffoli': 110, 'ControlledPhaseShift': 62293, 'Hadamard': 10868, 'PauliX': 452}"
1517,602,1,25,71594,"{'CNOT': 590, 'PhaseShift': 2230, 'C_C_PhaseShift': 6461, 'Toffoli': 110, 'ControlledPhaseShift': 52633, 'Hadamard': 9188, 'PauliX': 382}"
1517,602,0,25,84365,"{'CNOT': 660, 'PhaseShift': 2650, 'C_C_PhaseShift': 7332, 'Toffoli': 110, 'ControlledPhaseShift': 62293, 'Hadamard': 10868, 'PauliX': 452}"
1517,1289,1,25,72999,"{'CNOT': 598, 'PhaseShift': 2278, 'C_C_PhaseShift': 6509, 'Toffoli': 110, 'ControlledPhaseShift': 53734, 'Hadamard': 9380, 'PauliX': 390}"
1517,1289,0,25,84353,"{'CNOT': 660, 'PhaseShift': 2650, 'C_C_PhaseShift': 7323, 'Toffoli': 110, 'ControlledPhaseShift': 62290, 'Hadamard': 10868, 'PauliX': 452}"
1517,1268,1,25,75482,"{'CNOT': 612, 'PhaseShift': 2362, 'C_C_PhaseShift': 6609, 'Toffoli': 110, 'ControlledPhaseShift': 55669, 'Hadamard': 9716, 'PauliX': 404}"
1517,1268,0,25,84320,"{'CNOT': 660, 'PhaseShift': 2650, 'C_C_PhaseShift': 7287, 'Toffoli': 110, 'ControlledPhaseShift': 62293, 'Hadamard': 10868, 'PauliX': 452}"
1517,742,1,25,72836,"{'CNOT': 598, 'PhaseShift': 2278, 'C_C_PhaseShift': 6343, 'Toffoli': 110, 'ControlledPhaseShift': 53737, 'Hadamard': 9380, 'PauliX': 390}"
1517,742,0,25,84149,"{'CNOT': 660, 'PhaseShift': 2650, 'C_C_PhaseShift': 7116, 'Toffoli': 110, 'ControlledPhaseShift': 62293, 'Hadamard': 10868, 'PauliX': 452}"
1517,395,1,25,70608,"{'CNOT': 586, 'PhaseShift': 2206, 'C_C_PhaseShift': 6156, 'Toffoli': 110, 'ControlledPhaseShift': 52080, 'Hadamard': 9092, 'PauliX': 378}"
1517,395,0,25,84178,"{'CNOT': 660, 'PhaseShift': 2650, 'C_C_PhaseShift': 7146, 'Toffoli': 110, 'ControlledPhaseShift': 62292, 'Hadamard': 10868, 'PauliX': 452}"
1517,1444,1,25,5765,"{'CNOT': 50, 'PhaseShift': 169, 'C_C_PhaseShift': 509, 'Toffoli': 11, 'ControlledPhaseShift': 4249, 'Hadamard': 746, 'PauliX': 31}"
1517,1444,0,25,8702,"{'CNOT': 66, 'PhaseShift': 265, 'C_C_PhaseShift': 726, 'Toffoli': 11, 'ControlledPhaseShift': 6457, 'Hadamard': 1130, 'PauliX': 47}"
1517,144,1,25,68378,"{'CNOT': 574, 'PhaseShift': 2134, 'C_C_PhaseShift': 5965, 'Toffoli': 110, 'ControlledPhaseShift': 50425, 'Hadamard': 8804, 'PauliX': 366}"
1517,144,0,25,84131,"{'CNOT': 660, 'PhaseShift': 2650, 'C_C_PhaseShift': 7098, 'Toffoli': 110, 'ControlledPhaseShift': 62293, 'Hadamard': 10868, 'PauliX': 452}"
1517,95,1,25,71188,"{'CNOT': 588, 'PhaseShift': 2218, 'C_C_PhaseShift': 6396, 'Toffoli': 110, 'ControlledPhaseShift': 52356, 'Hadamard': 9140, 'PauliX': 380}"
1517,95,0,25,84229,"{'CNOT': 660, 'PhaseShift': 2650, 'C_C_PhaseShift': 7197, 'Toffoli': 110, 'ControlledPhaseShift': 62292, 'Hadamard': 10868, 'PauliX': 452}"
1517,1356,1,25,71139,"{'CNOT': 588, 'PhaseShift': 2218, 'C_C_PhaseShift': 6346, 'Toffoli': 110, 'ControlledPhaseShift': 52357, 'Hadamard': 9140, 'PauliX': 380}"
1517,1356,0,25,84275,"{'CNOT': 660, 'PhaseShift': 2650, 'C_C_PhaseShift': 7242, 'Toffoli': 110, 'ControlledPhaseShift': 62293, 'Hadamard': 10868, 'PauliX': 452}"
4757,2,1,29,125194,"{'CNOT': 806, 'PhaseShift': 3470, 'C_C_PhaseShift': 10105, 'Toffoli': 156, 'ControlledPhaseShift': 95901, 'Hadamard': 14248, 'PauliX': 508}"
4757,2,0,29,156397,"{'CNOT': 936, 'PhaseShift': 4380, 'C_C_PhaseShift': 11928, 'Toffoli': 156, 'ControlledPhaseShift': 120471, 'Hadamard': 17888, 'PauliX': 638}"
4757,1868,1,29,135899,"{'CNOT': 850, 'PhaseShift': 3778, 'C_C_PhaseShift': 10866, 'Toffoli': 156, 'ControlledPhaseShift': 104217, 'Hadamard': 15480, 'PauliX': 552}"
4757,1868,0,29,156463,"{'CNOT': 936, 'PhaseShift': 4380, 'C_C_PhaseShift': 11994, 'Toffoli': 156, 'ControlledPhaseShift': 120471, 'Hadamard': 17888, 'PauliX': 638}"
4757,2372,1,29,134460,"{'CNOT': 844, 'PhaseShift': 3736, 'C_C_PhaseShift': 10783, 'Toffoli': 156, 'ControlledPhaseShift': 103083, 'Hadamard': 15312, 'PauliX': 546}"
4757,2372,0,29,156664,"{'CNOT': 936, 'PhaseShift': 4380, 'C_C_PhaseShift': 12195, 'Toffoli': 156, 'ControlledPhaseShift': 120471, 'Hadamard': 17888, 'PauliX': 638}"
4757,655,1,29,133041,"{'CNOT': 838, 'PhaseShift': 3694, 'C_C_PhaseShift': 10721, 'Toffoli': 156, 'ControlledPhaseShift': 101948, 'Hadamard': 15144, 'PauliX': 540}"
4757,655,0,29,156621,"{'CNOT': 936, 'PhaseShift': 4380, 'C_C_PhaseShift': 12153, 'Toffoli': 156, 'ControlledPhaseShift': 120470, 'Hadamard': 17888, 'PauliX': 638}"
4757,1909,1,29,141735,"{'CNOT': 874, 'PhaseShift': 3946, 'C_C_PhaseShift': 11280, 'Toffoli': 156, 'ControlledPhaseShift': 108751, 'Hadamard': 16152, 'PauliX': 576}"
4757,1909,0,29,156716,"{'CNOT': 936, 'PhaseShift': 4380, 'C_C_PhaseShift': 12249, 'Toffoli': 156, 'ControlledPhaseShift': 120469, 'Hadamard': 17888, 'PauliX': 638}"
4757,829,1,29,136454,"{'CNOT': 852, 'PhaseShift': 3792, 'C_C_PhaseShift': 10971, 'Toffoli': 156, 'ControlledPhaseShift': 104593, 'Hadamard': 15536, 'PauliX': 554}"
4757,829,0,29,156764,"{'CNOT': 936, 'PhaseShift': 4380, 'C_C_PhaseShift': 12297, 'Toffoli': 156, 'ControlledPhaseShift': 120469, 'Hadamard': 17888, 'PauliX': 638}"
4757,3115,1,29,137459,"{'CNOT': 856, 'PhaseShift': 3820, 'C_C_PhaseShift': 11071, 'Toffoli': 156, 'ControlledPhaseShift': 105350, 'Hadamard': 15648, 'PauliX': 558}"
4757,3115,0,29,156798,"{'CNOT': 936, 'PhaseShift': 4380, 'C_C_PhaseShift': 12330, 'Toffoli': 156, 'ControlledPhaseShift': 120470, 'Hadamard': 17888, 'PauliX': 638}"
4757,2279,1,29,133912,"{'CNOT': 842, 'PhaseShift': 3722, 'C_C_PhaseShift': 10688, 'Toffoli': 156, 'ControlledPhaseShift': 102704, 'Hadamard': 15256, 'PauliX': 544}"
4757,2279,0,29,156579,"{'CNOT': 936, 'PhaseShift': 4380, 'C_C_PhaseShift': 12111, 'Toffoli': 156, 'ControlledPhaseShift': 120470, 'Hadamard': 17888, 'PauliX': 638}"
4757,3716,1,29,135977,"{'CNOT': 850, 'PhaseShift': 3778, 'C_C_PhaseShift': 10944, 'Toffoli': 156, 'ControlledPhaseShift': 104217, 'Hadamard': 15480, 'PauliX': 552}"
4757,3716,0,29,156667,"{'CNOT': 936, 'PhaseShift': 4380, 'C_C_PhaseShift': 12198, 'Toffoli': 156, 'ControlledPhaseShift': 120471, 'Hadamard': 17888, 'PauliX': 638}"
4757,2990,1,29,142896,"{'CNOT': 878, 'PhaseShift': 3974, 'C_C_PhaseShift': 11535, 'Toffoli': 156, 'ControlledPhaseShift': 109509, 'Hadamard': 16264, 'PauliX': 580}"
4757,2990,0,29,156859,"{'CNOT': 936, 'PhaseShift': 4380, 'C_C_PhaseShift': 12390, 'Toffoli': 156, 'ControlledPhaseShift': 120471, 'Hadamard': 17888, 'PauliX': 638}"
17947,2,1,33,219153,"{'CNOT': 1104, 'PhaseShift': 5486, 'C_C_PhaseShift': 15768, 'Toffoli': 210, 'ControlledPhaseShift': 173457, 'Hadamard': 22428, 'PauliX': 700}"
17947,2,0,33,266898,"{'CNOT': 1260, 'PhaseShift': 6734, 'C_C_PhaseShift': 18273, 'Toffoli': 210, 'ControlledPhaseShift': 212145, 'Hadamard': 27420, 'PauliX': 856}"
17947,5331,1,33,232053,"{'CNOT': 1144, 'PhaseShift': 5806, 'C_C_PhaseShift': 17069, 'Toffoli': 210, 'ControlledPhaseShift': 183376, 'Hadamard': 23708, 'PauliX': 740}"
17947,5331,0,33,267662,"{'CNOT': 1260, 'PhaseShift': 6734, 'C_C_PhaseShift': 19038, 'Toffoli': 210, 'ControlledPhaseShift': 212144, 'Hadamard': 27420, 'PauliX': 856}"
17947,12132,1,33,243662,"{'CNOT': 1182, 'PhaseShift': 6110, 'C_C_PhaseShift': 17657, 'Toffoli': 210, 'ControlledPhaseShift': 192801, 'Hadamard': 24924, 'PauliX': 778}"
17947,12132,0,33,267681,"{'CNOT': 1260, 'PhaseShift': 6734, 'C_C_PhaseShift': 19056, 'Toffoli': 210, 'ControlledPhaseShift': 212145, 'Hadamard': 27420, 'PauliX': 856}"
17947,11643,1,33,249130,"{'CNOT': 1200, 'PhaseShift': 6254, 'C_C_PhaseShift': 17906, 'Toffoli': 210, 'ControlledPhaseShift': 197264, 'Hadamard': 25500, 'PauliX': 796}"
17947,11643,0,33,267563,"{'CNOT': 1260, 'PhaseShift': 6734, 'C_C_PhaseShift': 18939, 'Toffoli': 210, 'ControlledPhaseShift': 212144, 'Hadamard': 27420, 'PauliX': 856}"
17947,6867,1,33,236772,"{'CNOT': 1160, 'PhaseShift': 5934, 'C_C_PhaseShift': 17148, 'Toffoli': 210, 'ControlledPhaseShift': 187344, 'Hadamard': 24220, 'PauliX': 756}"
17947,6867,0,33,267533,"{'CNOT': 1260, 'PhaseShift': 6734, 'C_C_PhaseShift': 18909, 'Toffoli': 210, 'ControlledPhaseShift': 212144, 'Hadamard': 27420, 'PauliX': 856}"
17947,8750,1,33,225669,"{'CNOT': 1124, 'PhaseShift': 5646, 'C_C_PhaseShift': 16484, 'Toffoli': 210, 'ControlledPhaseShift': 178417, 'Hadamard': 23068, 'PauliX': 720}"
17947,8750,0,33,267315,"{'CNOT': 1260, 'PhaseShift': 6734, 'C_C_PhaseShift': 18690, 'Toffoli': 210, 'ControlledPhaseShift': 212145, 'Hadamard': 27420, 'PauliX': 856}"
17947,2341,1,33,237242,"{'CNOT': 1162, 'PhaseShift': 5950, 'C_C_PhaseShift': 17039, 'Toffoli': 210, 'ControlledPhaseShift': 187839, 'Hadamard': 24284, 'PauliX': 758}"
17947,2341,0,33,267538,"{'CNOT': 1260, 'PhaseShift': 6734, 'C_C_PhaseShift': 18915, 'Toffoli': 210, 'ControlledPhaseShift': 212143, 'Hadamard': 27420, 'PauliX': 856}"
17947,5609,1,33,231801,"{'CNOT': 1144, 'PhaseShift': 5806, 'C_C_PhaseShift': 16819, 'Toffoli': 210, 'ControlledPhaseShift': 183374, 'Hadamard': 23708, 'PauliX': 740}"
17947,5609,0,33,267390,"{'CNOT': 1260, 'PhaseShift': 6734, 'C_C_PhaseShift': 18768, 'Toffoli': 210, 'ControlledPhaseShift': 212142, 'Hadamard': 27420, 'PauliX': 856}"
17947,17504,1,33,241013,"{'CNOT': 1174, 'PhaseShift': 6046, 'C_C_PhaseShift': 17328, 'Toffoli': 210, 'ControlledPhaseShift': 190817, 'Hadamard': 24668, 'PauliX': 770}"
17947,17504,0,33,267387,"{'CNOT': 1260, 'PhaseShift': 6734, 'C_C_PhaseShift': 18762, 'Toffoli': 210, 'ControlledPhaseShift': 212145, 'Hadamard': 27420, 'PauliX': 856}"
17947,8023,1,33,237984,"{'CNOT': 1164, 'PhaseShift': 5966, 'C_C_PhaseShift': 17200, 'Toffoli': 210, 'ControlledPhaseShift': 188336, 'Hadamard': 24348, 'PauliX': 760}"
17947,8023,0,33,267416,"{'CNOT': 1260, 'PhaseShift': 6734, 'C_C_PhaseShift': 18792, 'Toffoli': 210, 'ControlledPhaseShift': 212144, 'Hadamard': 27420, 'PauliX': 856}"
67591,2,1,37,346979,"{'CNOT': 1420, 'PhaseShift': 7900, 'C_C_PhaseShift': 22846, 'Toffoli': 272, 'ControlledPhaseShift': 281431, 'Hadamard': 32216, 'PauliX': 894}"
67591,2,0,37,427643,"{'CNOT': 1632, 'PhaseShift': 9808, 'C_C_PhaseShift': 26766, 'Toffoli': 272, 'ControlledPhaseShift': 348211, 'Hadamard': 39848, 'PauliX': 1106}"
67591,21419,1,37,390492,"{'CNOT': 1532, 'PhaseShift': 8908, 'C_C_PhaseShift': 25816, 'Toffoli': 272, 'ControlledPhaseShift': 316710, 'Hadamard': 36248, 'PauliX': 1006}"
67591,21419,0,37,428539,"{'CNOT': 1632, 'PhaseShift': 9808, 'C_C_PhaseShift': 27663, 'Toffoli': 272, 'ControlledPhaseShift': 348210, 'Hadamard': 39848, 'PauliX': 1106}"
67591,60591,1,37,388828,"{'CNOT': 1528, 'PhaseShift': 8872, 'C_C_PhaseShift': 25600, 'Toffoli': 272, 'ControlledPhaseShift': 315450, 'Hadamard': 36104, 'PauliX': 1002}"
67591,60591,0,37,428533,"{'CNOT': 1632, 'PhaseShift': 9808, 'C_C_PhaseShift': 27657, 'Toffoli': 272, 'ControlledPhaseShift': 348210, 'Hadamard': 39848, 'PauliX': 1106}"
67591,49737,1,37,378133,"{'CNOT': 1500, 'PhaseShift': 8620, 'C_C_PhaseShift': 25043, 'Toffoli': 272, 'ControlledPhaseShift': 306628, 'Hadamard': 35096, 'PauliX': 974}"
67591,49737,0,37,428615,"{'CNOT': 1632, 'PhaseShift': 9808, 'C_C_PhaseShift': 27741, 'Toffoli': 272, 'ControlledPhaseShift': 348208, 'Hadamard': 39848, 'PauliX': 1106}"
67591,35384,1,37,385774,"{'CNOT': 1520, 'PhaseShift': 8800, 'C_C_PhaseShift': 25441, 'Toffoli': 272, 'ControlledPhaseShift': 312931, 'Hadamard': 35816, 'PauliX': 994}"
67591,35384,0,37,428564,"{'CNOT': 1632, 'PhaseShift': 9808, 'C_C_PhaseShift': 27687, 'Toffoli': 272, 'ControlledPhaseShift': 348211, 'Hadamard': 39848, 'PauliX': 1106}"
67591,28787,1,37,386049,"{'CNOT': 1520, 'PhaseShift': 8800, 'C_C_PhaseShift': 25717, 'Toffoli': 272, 'ControlledPhaseShift': 312930, 'Hadamard': 35816, 'PauliX': 994}"
67591,28787,0,37,428929,"{'CNOT': 1632, 'PhaseShift': 9808, 'C_C_PhaseShift': 28053, 'Toffoli': 272, 'ControlledPhaseShift': 348210, 'Hadamard': 39848, 'PauliX': 1106}"
67591,42506,1,37,382726,"{'CNOT': 1512, 'PhaseShift': 8728, 'C_C_PhaseShift': 25289, 'Toffoli': 272, 'ControlledPhaseShift': 310411, 'Hadamard': 35528, 'PauliX': 986}"
67591,42506,0,37,428552,"{'CNOT': 1632, 'PhaseShift': 9808, 'C_C_PhaseShift': 27675, 'Toffoli': 272, 'ControlledPhaseShift': 348211, 'Hadamard': 39848, 'PauliX': 1106}"
67591,7333,1,37,381195,"{'CNOT': 1508, 'PhaseShift': 8692, 'C_C_PhaseShift': 25208, 'Toffoli': 272, 'ControlledPhaseShift': 309149, 'Hadamard': 35384, 'PauliX': 982}"
67591,7333,0,37,428382,"{'CNOT': 1632, 'PhaseShift': 9808, 'C_C_PhaseShift': 27507, 'Toffoli': 272, 'ControlledPhaseShift': 348209, 'Hadamard': 39848, 'PauliX': 1106}"
67591,30023,1,37,387229,"{'CNOT': 1524, 'PhaseShift': 8836, 'C_C_PhaseShift': 25449, 'Toffoli': 272, 'ControlledPhaseShift': 314190, 'Hadamard': 35960, 'PauliX': 998}"
67591,30023,0,37,428461,"{'CNOT': 1632, 'PhaseShift': 9808, 'C_C_PhaseShift': 27585, 'Toffoli': 272, 'ControlledPhaseShift': 348210, 'Hadamard': 39848, 'PauliX': 1106}"
67591,4209,1,37,164180,"{'CNOT': 652, 'PhaseShift': 3733, 'C_C_PhaseShift': 10868, 'Toffoli': 119, 'ControlledPhaseShift': 133143, 'Hadamard': 15242, 'PauliX': 423}"
67591,4209,0,37,187924,"{'CNOT': 714, 'PhaseShift': 4291, 'C_C_PhaseShift': 12168, 'Toffoli': 119, 'ControlledPhaseShift': 152673, 'Hadamard': 17474, 'PauliX': 485}"
272483,2,1,41,523299,"{'CNOT': 1774, 'PhaseShift': 10918, 'C_C_PhaseShift': 32038, 'Toffoli': 342, 'ControlledPhaseShift': 432681, 'Hadamard': 44436, 'PauliX': 1110}"
272483,2,0,41,651691,"{'CNOT': 2052, 'PhaseShift': 13698, 'C_C_PhaseShift': 37554, 'Toffoli': 342, 'ControlledPhaseShift': 541101, 'Hadamard': 55556, 'PauliX': 1388}"
272483,165390,1,41,583588,"{'CNOT': 1902, 'PhaseShift': 12198, 'C_C_PhaseShift': 35751, 'Toffoli': 342, 'ControlledPhaseShift': 482601, 'Hadamard': 49556, 'PauliX': 1238}"
272483,165390,0,41,653110,"{'CNOT': 2052, 'PhaseShift': 13698, 'C_C_PhaseShift': 38973, 'Toffoli': 342, 'ControlledPhaseShift': 541101, 'Hadamard': 55556, 'PauliX': 1388}"
272483,210327,1,41,593658,"{'CNOT': 1924, 'PhaseShift': 12418, 'C_C_PhaseShift': 36098, 'Toffoli': 342, 'ControlledPhaseShift': 491180, 'Hadamard': 50436, 'PauliX': 1260}"
272483,210327,0,41,653052,"{'CNOT': 2052, 'PhaseShift': 13698, 'C_C_PhaseShift': 38916, 'Toffoli': 342, 'ControlledPhaseShift': 541100, 'Hadamard': 55556, 'PauliX': 1388}"
272483,140375,1,41,601842,"{'CNOT': 1942, 'PhaseShift': 12598, 'C_C_PhaseShift': 36326, 'Toffoli': 342, 'ControlledPhaseShift': 498200, 'Hadamard': 51156, 'PauliX': 1278}"
272483,140375,0,41,652914,"{'CNOT': 2052, 'PhaseShift': 13698, 'C_C_PhaseShift': 38778, 'Toffoli': 342, 'ControlledPhaseShift': 541100, 'Hadamard': 55556, 'PauliX': 1388}"
272483,34703,1,41,601368,"{'CNOT': 1940, 'PhaseShift': 12578, 'C_C_PhaseShift': 36736, 'Toffoli': 342, 'ControlledPhaseShift': 497420, 'Hadamard': 51076, 'PauliX': 1276}"
272483,34703,0,41,653334,"{'CNOT': 2052, 'PhaseShift': 13698, 'C_C_PhaseShift': 39198, 'Toffoli': 342, 'ControlledPhaseShift': 541100, 'Hadamard': 55556, 'PauliX': 1388}"
272483,110617,1,41,580587,"{'CNOT': 1896, 'PhaseShift': 12138, 'C_C_PhaseShift': 35405, 'Toffoli': 342, 'ControlledPhaseShift': 480258, 'Hadamard': 49316, 'PauliX': 1232}"
272483,110617,0,41,652921,"{'CNOT': 2052, 'PhaseShift': 13698, 'C_C_PhaseShift': 38787, 'Toffoli': 342, 'ControlledPhaseShift': 541098, 'Hadamard': 55556, 'PauliX': 1388}"
272483,164983,1,41,576125,"{'CNOT': 1886, 'PhaseShift': 12038, 'C_C_PhaseShift': 35361, 'Toffoli': 342, 'ControlledPhaseShift': 476360, 'Hadamard': 48916, 'PauliX': 1222}"
272483,164983,0,41,653019,"{'CNOT': 2052, 'PhaseShift': 13698, 'C_C_PhaseShift': 38883, 'Toffoli': 342, 'ControlledPhaseShift': 541100, 'Hadamard': 55556, 'PauliX': 1388}"
272483,111479,1,41,610286,"{'CNOT': 1960, 'PhaseShift': 12778, 'C_C_PhaseShift': 36814, 'Toffoli': 342, 'ControlledPhaseShift': 505220, 'Hadamard': 51876, 'PauliX': 1296}"
272483,111479,0,41,653022,"{'CNOT': 2052, 'PhaseShift': 13698, 'C_C_PhaseShift': 38886, 'Toffoli': 342, 'ControlledPhaseShift': 541100, 'Hadamard': 55556, 'PauliX': 1388}"
272483,261742,1,41,607906,"{'CNOT': 1954, 'PhaseShift': 12718, 'C_C_PhaseShift': 37085, 'Toffoli': 342, 'ControlledPhaseShift': 502881, 'Hadamard': 51636, 'PauliX': 1290}"
272483,261742,0,41,653344,"{'CNOT': 2052, 'PhaseShift': 13698, 'C_C_PhaseShift': 39207, 'Toffoli': 342, 'ControlledPhaseShift': 541101, 'Hadamard': 55556, 'PauliX': 1388}"
272483,207427,1,41,593671,"{'CNOT': 1924, 'PhaseShift': 12418, 'C_C_PhaseShift': 36111, 'Toffoli': 342, 'ControlledPhaseShift': 491180, 'Hadamard': 50436, 'PauliX': 1260}"
272483,207427,0,41,653004,"{'CNOT': 2052, 'PhaseShift': 13698, 'C_C_PhaseShift': 38868, 'Toffoli': 342, 'ControlledPhaseShift': 541100, 'Hadamard': 55556, 'PauliX': 1388}"
1065023,2,1,45,794860,"{'CNOT': 2232, 'PhaseShift': 15332, 'C_C_PhaseShift': 44647, 'Toffoli': 420, 'ControlledPhaseShift': 668559, 'Hadamard': 62256, 'PauliX': 1414}"
1065023,2,0,45,953928,"{'CNOT': 2520, 'PhaseShift': 18500, 'C_C_PhaseShift': 51075, 'Toffoli': 420, 'ControlledPhaseShift': 804783, 'Hadamard': 74928, 'PauliX': 1702}"
1065023,962284,1,45,886203,"{'CNOT': 2394, 'PhaseShift': 17114, 'C_C_PhaseShift': 50130, 'Toffoli': 420, 'ControlledPhaseShift': 745185, 'Hadamard': 69384, 'PauliX': 1576}"
1065023,962284,0,45,955962,"{'CNOT': 2520, 'PhaseShift': 18500, 'C_C_PhaseShift': 53109, 'Toffoli': 420, 'ControlledPhaseShift': 804783, 'Hadamard': 74928, 'PauliX': 1702}"
1065023,299625,1,45,886996,"{'CNOT': 2396, 'PhaseShift': 17136, 'C_C_PhaseShift': 49866, 'Toffoli': 420, 'ControlledPhaseShift': 746128, 'Hadamard': 69472, 'PauliX': 1578}"
1065023,299625,0,45,955833,"{'CNOT': 2520, 'PhaseShift': 18500, 'C_C_PhaseShift': 52983, 'Toffoli': 420, 'ControlledPhaseShift': 804780, 'Hadamard': 74928, 'PauliX': 1702}"
1065023,555495,1,45,880616,"{'CNOT': 2384, 'PhaseShift': 17004, 'C_C_PhaseShift': 49844, 'Toffoli': 420, 'ControlledPhaseShift': 740454, 'Hadamard': 68944, 'PauliX': 1566}"
1065023,555495,0,45,956003,"{'CNOT': 2520, 'PhaseShift': 18500, 'C_C_PhaseShift': 53151, 'Toffoli': 420, 'ControlledPhaseShift': 804782, 'Hadamard': 74928, 'PauliX': 1702}"
1065023,292828,1,45,887270,"{'CNOT': 2396, 'PhaseShift': 17136, 'C_C_PhaseShift': 50137, 'Toffoli': 420, 'ControlledPhaseShift': 746131, 'Hadamard': 69472, 'PauliX': 1578}"
1065023,292828,0,45,956079,"{'CNOT': 2520, 'PhaseShift': 18500, 'C_C_PhaseShift': 53226, 'Toffoli': 420, 'ControlledPhaseShift': 804783, 'Hadamard': 74928, 'PauliX': 1702}"
1065023,517217,1,45,874777,"{'CNOT': 2374, 'PhaseShift': 16894, 'C_C_PhaseShift': 49309, 'Toffoli': 420, 'ControlledPhaseShift': 735720, 'Hadamard': 68504, 'PauliX': 1556}"
1065023,517217,0,45,955675,"{'CNOT': 2520, 'PhaseShift': 18500, 'C_C_PhaseShift': 52827, 'Toffoli': 420, 'ControlledPhaseShift': 804778, 'Hadamard': 74928, 'PauliX': 1702}"
1065023,551011,1,45,879950,"{'CNOT': 2384, 'PhaseShift': 17004, 'C_C_PhaseShift': 49178, 'Toffoli': 420, 'ControlledPhaseShift': 740454, 'Hadamard': 68944, 'PauliX': 1566}"
1065023,551011,0,45,955436,"{'CNOT': 2520, 'PhaseShift': 18500, 'C_C_PhaseShift': 52584, 'Toffoli': 420, 'ControlledPhaseShift': 804782, 'Hadamard': 74928, 'PauliX': 1702}"
1065023,898492,1,45,898208,"{'CNOT': 2416, 'PhaseShift': 17356, 'C_C_PhaseShift': 50475, 'Toffoli': 420, 'ControlledPhaseShift': 755591, 'Hadamard': 70352, 'PauliX': 1598}"
1065023,898492,0,45,955854,"{'CNOT': 2520, 'PhaseShift': 18500, 'C_C_PhaseShift': 53001, 'Toffoli': 420, 'ControlledPhaseShift': 804783, 'Hadamard': 74928, 'PauliX': 1702}"
1065023,837605,1,45,882597,"{'CNOT': 2388, 'PhaseShift': 17048, 'C_C_PhaseShift': 49706, 'Toffoli': 420, 'ControlledPhaseShift': 742345, 'Hadamard': 69120, 'PauliX': 1570}"
1065023,837605,0,45,955918,"{'CNOT': 2520, 'PhaseShift': 18500, 'C_C_PhaseShift': 53067, 'Toffoli': 420, 'ControlledPhaseShift': 804781, 'Hadamard': 74928, 'PauliX': 1702}"
1065023,759163,1,45,882846,"{'CNOT': 2388, 'PhaseShift': 17048, 'C_C_PhaseShift': 49954, 'Toffoli': 420, 'ControlledPhaseShift': 742346, 'Hadamard': 69120, 'PauliX': 1570}"
1065023,759163,0,45,955979,"{'CNOT': 2520, 'PhaseShift': 18500, 'C_C_PhaseShift': 53127, 'Toffoli': 420, 'ControlledPhaseShift': 804782, 'Hadamard': 74928, 'PauliX': 1702}"
4235339,2,1,49,1123170,"{'CNOT': 2686, 'PhaseShift': 20110, 'C_C_PhaseShift': 59261, 'Toffoli': 506, 'ControlledPhaseShift': 957361, 'Hadamard': 81548, 'PauliX': 1698}"
4235339,2,0,49,1350695,"{'CNOT': 3036, 'PhaseShift': 24310, 'C_C_PhaseShift': 67686, 'Toffoli': 506, 'ControlledPhaseShift': 1154761, 'Hadamard': 98348, 'PauliX': 2048}"
4235339,1839797,1,49,1254856,"{'CNOT': 2886, 'PhaseShift': 22510, 'C_C_PhaseShift': 65749, 'Toffoli': 506, 'ControlledPhaseShift': 1070159, 'Hadamard': 91148, 'PauliX': 1898}"
4235339,1839797,0,49,1352838,"{'CNOT': 3036, 'PhaseShift': 24310, 'C_C_PhaseShift': 69831, 'Toffoli': 506, 'ControlledPhaseShift': 1154759, 'Hadamard': 98348, 'PauliX': 2048}"
4235339,1160412,1,49,1246041,"{'CNOT': 2872, 'PhaseShift': 22342, 'C_C_PhaseShift': 65696, 'Toffoli': 506, 'ControlledPhaseShift': 1062265, 'Hadamard': 90476, 'PauliX': 1884}"
4235339,1160412,0,49,1353089,"{'CNOT': 3036, 'PhaseShift': 24310, 'C_C_PhaseShift': 70080, 'Toffoli': 506, 'ControlledPhaseShift': 1154761, 'Hadamard': 98348, 'PauliX': 2048}"
4235339,4139912,1,49,1251163,"{'CNOT': 2880, 'PhaseShift': 22438, 'C_C_PhaseShift': 65810, 'Toffoli': 506, 'ControlledPhaseShift': 1066777, 'Hadamard': 90860, 'PauliX': 1892}"
4235339,4139912,0,49,1352924,"{'CNOT': 3036, 'PhaseShift': 24310, 'C_C_PhaseShift': 69915, 'Toffoli': 506, 'ControlledPhaseShift': 1154761, 'Hadamard': 98348, 'PauliX': 2048}"
4235339,762605,1,49,1265018,"{'CNOT': 2902, 'PhaseShift': 22702, 'C_C_PhaseShift': 65895, 'Toffoli': 506, 'ControlledPhaseShift': 1079183, 'Hadamard': 91916, 'PauliX': 1914}"
4235339,762605,0,49,1352715,"{'CNOT': 3036, 'PhaseShift': 24310, 'C_C_PhaseShift': 69708, 'Toffoli': 506, 'ControlledPhaseShift': 1154759, 'Hadamard': 98348, 'PauliX': 2048}"
4235339,395242,1,49,1260270,"{'CNOT': 2894, 'PhaseShift': 22606, 'C_C_PhaseShift': 66153, 'Toffoli': 506, 'ControlledPhaseShift': 1074673, 'Hadamard': 91532, 'PauliX': 1906}"
4235339,395242,0,49,1352891,"{'CNOT': 3036, 'PhaseShift': 24310, 'C_C_PhaseShift': 69882, 'Toffoli': 506, 'ControlledPhaseShift': 1154761, 'Hadamard': 98348, 'PauliX': 2048}"
4235339,919805,1,49,1262951,"{'CNOT': 2898, 'PhaseShift': 22654, 'C_C_PhaseShift': 66332, 'Toffoli': 506, 'ControlledPhaseShift': 1076927, 'Hadamard': 91724, 'PauliX': 1910}"
4235339,919805,0,49,1353075,"{'CNOT': 3036, 'PhaseShift': 24310, 'C_C_PhaseShift': 70068, 'Toffoli': 506, 'ControlledPhaseShift': 1154759, 'Hadamard': 98348, 'PauliX': 2048}"
4235339,1282127,1,49,1243276,"{'CNOT': 2868, 'PhaseShift': 22294, 'C_C_PhaseShift': 65436, 'Toffoli': 506, 'ControlledPhaseShift': 1060008, 'Hadamard': 90284, 'PauliX': 1880}"
4235339,1282127,0,49,1352911,"{'CNOT': 3036, 'PhaseShift': 24310, 'C_C_PhaseShift': 69903, 'Toffoli': 506, 'ControlledPhaseShift': 1154760, 'Hadamard': 98348, 'PauliX': 2048}"
4235339,1342028,1,49,1245928,"{'CNOT': 2872, 'PhaseShift': 22342, 'C_C_PhaseShift': 65583, 'Toffoli': 506, 'ControlledPhaseShift': 1062265, 'Hadamard': 90476, 'PauliX': 1884}"
4235339,1342028,0,49,1353020,"{'CNOT': 3036, 'PhaseShift': 24310, 'C_C_PhaseShift': 70011, 'Toffoli': 506, 'ControlledPhaseShift': 1154761, 'Hadamard': 98348, 'PauliX': 2048}"
4235339,3541336,1,49,1241872,"{'CNOT': 2866, 'PhaseShift': 22270, 'C_C_PhaseShift': 65283, 'Toffoli': 506, 'ControlledPhaseShift': 1058881, 'Hadamard': 90188, 'PauliX': 1878}"
4235339,3541336,0,49,1352987,"{'CNOT': 3036, 'PhaseShift': 24310, 'C_C_PhaseShift': 69978, 'Toffoli': 506, 'ControlledPhaseShift': 1154761, 'Hadamard': 98348, 'PauliX': 2048}"
16850989,2,1,53,1567547,"{'CNOT': 3214, 'PhaseShift': 26206, 'C_C_PhaseShift': 77202, 'Toffoli': 600, 'ControlledPhaseShift': 1352157, 'Hadamard': 106128, 'PauliX': 2040}"
16850989,2,0,53,1859452,"{'CNOT': 3600, 'PhaseShift': 31224, 'C_C_PhaseShift': 87327, 'Toffoli': 600, 'ControlledPhaseShift': 1608075, 'Hadamard': 126200, 'PauliX': 2426}"
16850989,2131638,1,53,1739168,"{'CNOT': 3438, 'PhaseShift': 29118, 'C_C_PhaseShift': 85303, 'Toffoli': 600, 'ControlledPhaseShift': 1500669, 'Hadamard': 117776, 'PauliX': 2264}"
16850989,2131638,0,53,1862224,"{'CNOT': 3600, 'PhaseShift': 31224, 'C_C_PhaseShift': 90099, 'Toffoli': 600, 'ControlledPhaseShift': 1608075, 'Hadamard': 126200, 'PauliX': 2426}"
16850989,12910650,1,53,1733411,"{'CNOT': 3430, 'PhaseShift': 29014, 'C_C_PhaseShift': 85386, 'Toffoli': 600, 'ControlledPhaseShift': 1495365, 'Hadamard': 117360, 'PauliX': 2256}"
16850989,12910650,0,53,1862833,"{'CNOT': 3600, 'PhaseShift': 31224, 'C_C_PhaseShift': 90708, 'Toffoli': 600, 'ControlledPhaseShift': 1608075, 'Hadamard': 126200, 'PauliX': 2426}"
16850989,12805020,1,53,1748078,"{'CNOT': 3450, 'PhaseShift': 29274, 'C_C_PhaseShift': 85453, 'Toffoli': 600, 'ControlledPhaseShift': 1508625, 'Hadamard': 118400, 'PauliX': 2276}"
16850989,12805020,0,53,1862170,"{'CNOT': 3600, 'PhaseShift': 31224, 'C_C_PhaseShift': 90045, 'Toffoli': 600, 'ControlledPhaseShift': 1608075, 'Hadamard': 126200, 'PauliX': 2426}"
16850989,15705150,1,53,1755581,"{'CNOT': 3460, 'PhaseShift': 29404, 'C_C_PhaseShift': 85656, 'Toffoli': 600, 'ControlledPhaseShift': 1515255, 'Hadamard': 118920, 'PauliX': 2286}"
16850989,15705150,0,53,1861942,"{'CNOT': 3600, 'PhaseShift': 31224, 'C_C_PhaseShift': 89817, 'Toffoli': 600, 'ControlledPhaseShift': 1608075, 'Hadamard': 126200, 'PauliX': 2426}"
16850989,8436059,1,53,1742388,"{'CNOT': 3442, 'PhaseShift': 29170, 'C_C_PhaseShift': 85604, 'Toffoli': 600, 'ControlledPhaseShift': 1503320, 'Hadamard': 117984, 'PauliX': 2268}"
16850989,8436059,0,53,1862322,"{'CNOT': 3600, 'PhaseShift': 31224, 'C_C_PhaseShift': 90198, 'Toffoli': 600, 'ControlledPhaseShift': 1608074, 'Hadamard': 126200, 'PauliX': 2426}"
16850989,385241,1,53,1730120,"{'CNOT': 3426, 'PhaseShift': 28962, 'C_C_PhaseShift': 85018, 'Toffoli': 600, 'ControlledPhaseShift': 1492710, 'Hadamard': 117152, 'PauliX': 2252}"
16850989,385241,0,53,1862194,"{'CNOT': 3600, 'PhaseShift': 31224, 'C_C_PhaseShift': 90072, 'Toffoli': 600, 'ControlledPhaseShift': 1608072, 'Hadamard': 126200, 'PauliX': 2426}"
16850989,3843720,1,53,1725455,"{'CNOT': 3420, 'PhaseShift': 28884, 'C_C_PhaseShift': 84730, 'Toffoli': 600, 'ControlledPhaseShift': 1488735, 'Hadamard': 116840, 'PauliX': 2246}"
16850989,3843720,0,53,1862167,"{'CNOT': 3600, 'PhaseShift': 31224, 'C_C_PhaseShift': 90042, 'Toffoli': 600, 'ControlledPhaseShift': 1608075, 'Hadamard': 126200, 'PauliX': 2426}"
16850989,8953169,1,53,1731709,"{'CNOT': 3428, 'PhaseShift': 28988, 'C_C_PhaseShift': 85148, 'Toffoli': 600, 'ControlledPhaseShift': 1494035, 'Hadamard': 117256, 'PauliX': 2254}"
16850989,8953169,0,53,1862337,"{'CNOT': 3600, 'PhaseShift': 31224, 'C_C_PhaseShift': 90216, 'Toffoli': 600, 'ControlledPhaseShift': 1608071, 'Hadamard': 126200, 'PauliX': 2426}"
16850989,11414396,1,53,1737434,"{'CNOT': 3436, 'PhaseShift': 29092, 'C_C_PhaseShift': 85029, 'Toffoli': 600, 'ControlledPhaseShift': 1499343, 'Hadamard': 117672, 'PauliX': 2262}"
16850989,11414396,0,53,1861870,"{'CNOT': 3600, 'PhaseShift': 31224, 'C_C_PhaseShift': 89745, 'Toffoli': 600, 'ControlledPhaseShift': 1608075, 'Hadamard': 126200, 'PauliX': 2426}"
